Parameter,Mean,Median,SD,CI_2.5,CI_97.5
Intercept,8460.993259230878,8460.782727224723,247.0813146200584,7975.845851799986,8943.2943961666
age,3618.504669146199,3617.849650245144,166.84401837547435,3293.3691074649496,3947.79699192397
sex,-127.81509730312673,-128.86586492550862,333.49806734981325,-779.7791622094658,529.2179928746874
bmi,1966.4175494688725,1967.102234195465,168.01868316120994,1637.0048448176422,2295.415947658315
children,571.6097277529893,571.0444576453028,165.91886710592496,247.02835100883067,898.9203114225264
smoker,23822.77040668261,23823.97986256607,412.9223965951121,23009.594244557204,24631.636280451516
σ²,36922875.85653404,36885802.76923598,1434734.0789558322,34227545.087821186,39836266.4487241
