"","Estimate","Std. Error","t value","Pr(>|t|)"
"(Intercept)",8461.28308406647,246.858613713484,34.2758267851534,4.38355975257188e-185
"age",3618.72564332144,167.365910590946,21.6216410530927,4.26338746543347e-89
"sex1",-127.209526978026,333.610896528094,-0.381311067180065,0.703033300690222
"bmi",1966.64871008184,167.328342886212,11.7532312587307,2.04320699809626e-30
"children",571.329318159778,166.302271249554,3.43548716362651,0.000609695554599288
"smoker1",23822.3225363952,412.732583647697,57.7185409638742,0
