"","age","bmi","children","sex","smoker","charges"
"age",1,0.109343610418969,0.0415362100163662,-0.0198135561016872,-0.025587117601994,0.298308212509786
"bmi",0.109343610418969,1,0.0127546575133952,0.0463970598682866,0.00374621694620034,0.198400831226249
"children",0.0415362100163662,0.0127546575133952,1,0.01784754169463,0.00733122242316228,0.0673893508396325
"sex",-0.0198135561016872,0.0463970598682866,0.01784754169463,1,0.0765958503933585,0.0580444957903129
"smoker",-0.025587117601994,0.00374621694620034,0.00733122242316228,0.0765958503933585,1,0.787234367280032
"charges",0.298308212509786,0.198400831226249,0.0673893508396325,0.0580444957903129,0.787234367280032,1
