Parameter,Mean,Median,SD,CI_lower,CI_upper
Intercept,8461.263399767873,8461.27722645791,14.27253106818444,8433.253388908122,8489.362572464737
age,3618.7436498985753,3618.7438508980013,4.642008027210589,3609.6447836502357,3627.823125969517
sex,-127.19749676111053,-127.18198078272269,20.45302563984542,-167.3499687763344,-87.06574877933119
bmi,1966.6415770721508,1966.6584343319328,4.656172161426594,1957.4881656383504,1975.7328936334557
children,571.340321706292,571.3320026347737,4.558751075317758,562.3950308347555,580.3551462038166
smoker,23822.34777056662,23822.3958950178,28.49291896816803,23766.52844759115,23878.096240753603
