Algorithm,Total_Time_s,Total_Samples,Avg_ESS,ESS_per_Second,Samples_per_Second
Gibbs,1.389700174331665,24000,23865.752757326864,17173.3106163021,17269.912203574477
Metropolis-Hastings,1.967641830444336,24000,5.2031768438451,2.64437193971939,12197.341827491176
