Algorithm,Total_Time_s,Total_Samples,Avg_ESS,ESS_per_Second,Samples_per_Second
Gibbs,2.0,32000,31696.730516783944,15848.365258391972,16000.0
Metropolis-Hastings,2.96875262260437,32000,655.929700364685,220.94454599227052,10778.9378462688
