Algorithm,Total_Time_s,Total_Samples,Avg_ESS,ESS_per_Second,Samples_per_Second
Gibbs,1.813880205154419,32000,31621.323864007718,17432.972571259597,17641.738362361026
Metropolis-Hastings,2.731907606124878,32000,11.073636284880118,4.053444655321894,11713.426884663555
