Parameter,Gibbs_ESS,MH_ESS,ESS_Ratio
(Intercept),24000.0,3.1548944717539955,7607.227504714906
age,24000.0,8.238454501011404,2913.167754589603
sex,24000.0,4.452547614177267,5390.172566281399
bmi,23194.516543961206,5.235415294536992,4430.310727816383
children,24000.0,6.007906968842506,3994.7356249798727
smoker,24000.0,4.129842212748434,5811.360038384581
σ²,24000.0,1405.162919220969,17.07987000774668
