Parameter,Gibbs_ESS,MH_ESS,ESS_Ratio
(Intercept),32000.0,18.58191147651518,1722.1048566743696
age,32000.0,9.793257604528062,3267.5541982275963
sex,32000.0,11.24528587331766,2845.636861569544
bmi,31304.34571129299,3.6402881298170335,8599.414275722838
children,30423.597472753332,6.122196721493735,4969.3923368947835
smoker,32000.0,17.05887790360904,1875.8560897625018
σ²,32000.0,66.97334453014179,477.8020304122365
