Parameter,Gibbs_Mean,MH_Mean,Difference,Gibbs_SD,MH_SD
(Intercept),8461.387110105523,8824.781214980394,-363.3941048748711,14.2579781081127,599.6144530299299
age,3618.7173569282504,3609.5874643499856,9.129892578264844,4.655955028219344,389.7504354348938
sex,-127.39585393905038,-336.981630665539,209.58577672648863,20.384330228229498,677.886328199952
bmi,1966.6565467031558,1764.9446951982568,201.71185150489896,4.711023777061802,388.98262015799463
children,571.3104191225278,450.5674045950954,120.74301452743242,4.5753939351402035,165.52898160917846
smoker,23822.427291916687,22631.450431724632,1190.976860192055,28.491767647189924,1062.4436828992689
σ²,36768564.281675205,37684210.14725704,-915645.8655818328,1428181.2861384666,1472198.8717499322
