Parameter,Gibbs_Mean,MH_Mean,Difference,Gibbs_SD,MH_SD
(Intercept),8461.3526896324,477.17245622778034,7984.18023340462,14.260047838740698,171.27819324165262
age,3618.7219104669166,170.28177024043288,3448.440140226484,4.665403006908159,122.27165216561376
sex,-127.26222201136868,206.89507107182538,-334.1572930831941,20.416743715934203,115.62283249639181
bmi,1966.6513797822092,68.04701268587593,1898.6043670963334,4.693693400859215,192.39659404544767
children,571.3049305335247,43.053549489303904,528.2513810442208,4.56868935571538,172.49831086628342
smoker,23822.304318539922,198.13533203636842,23624.168986503555,28.4841900776208,102.46778440874846
σ²,36768951.78204387,303137715.2882886,-266368763.50624472,1429551.0570232368,13615836.707629247
