Parameter,Gibbs_Rhat,MH_Rhat,Both_Converged
(Intercept),0.9999517728806954,2.9255296250285907,False
age,1.0000206242503693,1.1097901683734734,False
sex,0.9999423669632865,1.6931466721263193,False
bmi,1.0000153861672545,2.2205676203477256,False
children,0.9999391646878639,2.2042487824411463,False
smoker,0.999946152591798,6.754306764550205,False
σ²,0.9999553549254471,1.0093654772032923,True
