Parameter,Gibbs_Rhat,MH_Rhat,Both_Converged
(Intercept),0.9999586640164426,1.0512904331211095,False
age,0.9999945958474581,1.5350787333664477,False
sex,1.0000264158461472,1.1284864454342403,False
bmi,0.9999922306805182,3.4351426847804993,False
children,0.9999414987157245,3.3128098452557286,False
smoker,0.999980547594891,1.0729327726863818,False
σ²,0.9999495267404338,1.0052962703166268,True
