"Algorithm","Total_Time_sec","Avg_ESS","ESS_per_sec"
"Gibbs",8.28329300880432,31769.952840048,3835.42545293034
"Metropolis-Hastings",6.24277472496033,1442.70170137625,231.099433334977
