"Algorithm","Total_Time_sec","Avg_ESS","ESS_per_sec"
"Gibbs",11.9724161624908,23801.6348999278,1988.03938794723
"Metropolis-Hastings",5.23058128356934,1010.40834663106,193.173242485501
