"Parameter","Gibbs_Mean","MH_Mean","Difference","Gibbs_SD","MH_SD"
"β0",8461.45709910615,8472.2900829644,-10.8329838582522,246.906843904201,258.463093041832
"β1",3618.64832291793,3612.47492495036,6.17339796756505,169.641777421712,164.806095661019
"β2",-127.496814258186,-117.998806628491,-9.49800762969473,333.842125278372,333.067411862647
"β3",1967.46361205599,1976.84028541464,-9.37667335865331,165.562809515311,168.628278870755
"β4",572.037929154963,572.573698222078,-0.535769067114984,166.163724128707,168.0006995051
"β5",23821.5350002325,23796.9479469695,24.587053262916,413.089911011005,392.112822638943
"σ²",36759772.1188517,36757408.1070583,2364.01179341227,1441577.44011644,1416128.37544714
